{"version": 2, "width": 238, "height": 59, "timestamp": 1741035122, "env": {"SHELL": "/bin/bash", "TERM": "xterm-256color"}}
[0.00694, "o", "\r\n$ "]
[1.008812, "o", "k"]
[1.071419, "o", "u"]
[1.134045, "o", "b"]
[1.196899, "o", "e"]
[1.259644, "o", "c"]
[1.322171, "o", "t"]
[1.38458, "o", "l"]
[1.446732, "o", " "]
[1.509282, "o", "o"]
[1.571752, "o", "p"]
[1.633689, "o", "e"]
[1.69634, "o", "r"]
[1.758733, "o", "a"]
[1.820696, "o", "t"]
[1.883169, "o", "o"]
[1.945297, "o", "r"]
[2.007862, "o", " "]
[2.070137, "o", "o"]
[2.132464, "o", "l"]
[2.195207, "o", "m"]
[2.257525, "o", "v"]
[2.320083, "o", "1"]
[2.382616, "o", " "]
[2.444575, "o", "-"]
[2.507354, "o", "-"]
[2.569846, "o", "h"]
[2.632602, "o", "e"]
[2.69464, "o", "l"]
[2.757316, "o", "p"]
[2.820534, "o", "\r\n"]
[3.165561, "o", "Manage operators via OLMv1 in a cluster from the command line.\r\n\r\n"]
[3.165893, "o", "Usage:\r\n  operator olmv1 [command]\r\n\r\nAvailable Commands:\r\n  get         Display one or many OLMv1-specific resource(s)\r\n  install     Install an operator\r\n  uninstall   Uninstall an operator\r\n\r\nFlags:\r\n  -h, --help   help for olmv1\r\n\r\nGlobal Flags:\r\n  -n, --namespace string   If present, namespace scope for this CLI request\r\n      --timeout duration   The amount of time to wait before giving up on an operation. (default 1m0s)\r\n\r\nUse \"operator olmv1 [command] --help\" for more information about a command.\r\n"]
[3.16888, "o", "\r\n$ "]
[4.171663, "o", "k"]
[4.23439, "o", "u"]
[4.297189, "o", "b"]
[4.35961, "o", "e"]
[4.421938, "o", "c"]
[4.484191, "o", "t"]
[4.546896, "o", "l"]
[4.608991, "o", " "]
[4.671543, "o", "o"]
[4.734268, "o", "p"]
[4.79688, "o", "e"]
[4.858947, "o", "r"]
[4.921002, "o", "a"]
[4.983269, "o", "t"]
[5.045912, "o", "o"]
[5.108658, "o", "r"]
[5.170577, "o", " "]
[5.232759, "o", "o"]
[5.294904, "o", "l"]
[5.357823, "o", "m"]
[5.420124, "o", "v"]
[5.48196, "o", "1"]
[5.544323, "o", " "]
[5.606796, "o", "g"]
[5.66873, "o", "e"]
[5.731189, "o", "t"]
[5.793563, "o", " "]
[5.856048, "o", "c"]
[5.917862, "o", "a"]
[5.980359, "o", "t"]
[6.043011, "o", "a"]
[6.105319, "o", "l"]
[6.167778, "o", "o"]
[6.230328, "o", "g"]
[6.292729, "o", "\r\n"]
[6.655321, "o", "NAME           AVAILABILITY  PRIORITY  LASTUNPACKED  SERVING  AGE\r\noperatorhubio  Available     0         3h12m         True     3h12m\r\n"]
